URL,contributor,excerpt
https://github.com/cltk/cltk,Rosna Thomas,Documentation
https://github.com/cltk/cltk,Rosna Thomas,The docs are at docs.cltk.org.
https://github.com/cltk/cltk,Rosna Thomas,Tutorials
https://github.com/cltk/cltk,Rosna Thomas,"For interactive tutorials, in the form of Jupyter Notebooks, see https://github.com/cltk/tutorials."
https://github.com/cltk/cltk,Rosna Thomas,Contributing
https://github.com/cltk/cltk,Rosna Thomas,"See the Quickstart for contributors for an overview of the process. If you're looking to start with a small contribution, see the Issue tracker for ""easy"" jobs needing to be done. Bigger projects may be found at Project ideas page. Of course, new ideas are always welcome."
https://github.com/cltk/cltk,Rosna Thomas,"Many contributors have made substantial contributions to the CLTK. For scholarship about particular code, it might be proper to cite these individuals as authors of the work under discussion."
https://github.com/cltk/cltk,Rosna Thomas,Gratitude
https://github.com/cltk/cltk,Rosna Thomas,We are thankful for the following organizations that have offered support:
https://github.com/cltk/cltk,Rosna Thomas,"Google Summer of Code (sponsoring two students, 2016, 2017; three students 2018)"
https://github.com/cltk/cltk,Rosna Thomas,JetBrains (licenses for PyCharm)
https://github.com/cltk/cltk,Rosna Thomas,Google Cloud Platform (with credits for the Classical Language Archive and API)
https://github.com/cltk/cltk,Rosna Thomas,License
https://github.com/cltk/cltk,Rosna Thomas,"The CLTK is Copyright (c) 2014-2019 Kyle P. Johnson, under the MIT License. See LICENSE for details."
https://github.com/facebookresearch/DensePose,Rosna Thomas,DensePose:
https://github.com/facebookresearch/DensePose,Rosna Thomas,[densepose.org] [arXiv] [BibTeX]
https://github.com/facebookresearch/DensePose,Rosna Thomas,Installation
https://github.com/facebookresearch/DensePose,Rosna Thomas,Inference-Training-Testing
https://github.com/facebookresearch/DensePose,Rosna Thomas,"After installation, please see GETTING_STARTED.md  for examples of inference and training and testing."
https://github.com/facebookresearch/DensePose,Rosna Thomas,Notebooks
https://github.com/facebookresearch/DensePose,Rosna Thomas,Visualization of DensePose-COCO annotations:
https://github.com/facebookresearch/DensePose,Rosna Thomas,See notebooks/DensePose-COCO-Visualize.ipynb to visualize the DensePose-COCO annotations on the images:
https://github.com/facebookresearch/DensePose,Rosna Thomas,DensePose-COCO in 3D:
https://github.com/facebookresearch/DensePose,Rosna Thomas,See notebooks/DensePose-COCO-on-SMPL.ipynb to localize the DensePose-COCO annotations on the 3D template (SMPL) model:
https://github.com/facebookresearch/DensePose,Rosna Thomas,Visualize DensePose-RCNN Results:
https://github.com/facebookresearch/DensePose,Rosna Thomas,See notebooks/DensePose-RCNN-Visualize-Results.ipynb to visualize the inferred DensePose-RCNN Results.
https://github.com/facebookresearch/DensePose,Rosna Thomas,DensePose-RCNN Texture Transfer:
https://github.com/facebookresearch/DensePose,Rosna Thomas,See notebooks/DensePose-RCNN-Texture-Transfer.ipynb to localize the DensePose-COCO annotations on the 3D template (SMPL) model:
https://github.com/facebookresearch/DensePose,Rosna Thomas,This source code is licensed under the license found in the LICENSE file in the root directory of this source tree.
https://github.com/facebookresearch/ResNeXt,Rosna Thomas,"By Saining Xie, Ross Girshick, Piotr Doll√°r, Zhuowen Tu, Kaiming He"
https://github.com/facebookresearch/ResNeXt,Rosna Thomas,"UC San Diego, Facebook AI Research"
https://github.com/facebookresearch/ResNeXt,Rosna Thomas,Table of Contents
https://github.com/facebookresearch/ResNeXt,Rosna Thomas,Introduction
https://github.com/facebookresearch/ResNeXt,Rosna Thomas,Citation
https://github.com/facebookresearch/ResNeXt,Rosna Thomas,Requirements and Dependencies
https://github.com/facebookresearch/ResNeXt,Rosna Thomas,Training
https://github.com/facebookresearch/ResNeXt,Rosna Thomas,ImageNet Pretrained Models
https://github.com/facebookresearch/ResNeXt,Rosna Thomas,Third-party re-implementations
https://github.com/facebookresearch/ResNeXt,Rosna Thomas,News
https://github.com/facebookresearch/ResNeXt,Rosna Thomas,Congrats to the ILSVRC 2017 classification challenge winner WMW.
https://github.com/facebookresearch/ResNeXt,Rosna Thomas,Check out Figure 6 in the new Memory-Efficient Implementation of DenseNets paper for a comparision between ResNeXts and DenseNets. <sub>ÔºàDenseNet cosine is DenseNet trained with cosine learning rate schedule.Ôºâ</sub>
https://github.com/facebookresearch/ResNeXt,Rosna Thomas,"Figure: Training curves on ImageNet-1K. (Left): ResNet/ResNeXt-50 with the same complexity (~4.1 billion FLOPs, ~25 million parameters); (Right): ResNet/ResNeXt-101 with the same complexity (~7.8 billion FLOPs, ~44 million parameters)."
https://github.com/facebookresearch/ResNeXt,Rosna Thomas,1x Complexity Configurations Reference Table
https://github.com/facebookresearch/ResNeXt,Rosna Thomas,| baseWidth | cardinality |
https://github.com/facebookresearch/ResNeXt,Rosna Thomas,|---------- | ----------- |
https://github.com/facebookresearch/ResNeXt,Rosna Thomas,| 64        | 1           |
https://github.com/facebookresearch/ResNeXt,Rosna Thomas,| 40        | 2           |
https://github.com/facebookresearch/ResNeXt,Rosna Thomas,| 24        | 4           |
https://github.com/facebookresearch/ResNeXt,Rosna Thomas,| 14        | 8           |
https://github.com/facebookresearch/ResNeXt,Rosna Thomas,| 4         | 32          |
https://github.com/facebookresearch/ResNeXt,Rosna Thomas,ImageNet pretrained models are licensed under CC BY-NC 4.0.
https://github.com/facebookresearch/ResNeXt,Rosna Thomas,Single-crop (224x224) validation error rate
https://github.com/facebookresearch/ResNeXt,Rosna Thomas,| Network             | GFLOPS | Top-1 Error |  Download   |
https://github.com/facebookresearch/ResNeXt,Rosna Thomas,| ------------------- | ------ | ----------- | ------------|
https://github.com/facebookresearch/ResNeXt,Rosna Thomas,| ResNet-50 (1x64d)   |  ~4.1  |  23.9        | Original ResNet-50       |
https://github.com/facebookresearch/ResNeXt,Rosna Thomas,| ResNeXt-50 (32x4d)  |  ~4.1  |  22.2        | Download (191MB)       |
https://github.com/facebookresearch/ResNeXt,Rosna Thomas,| ResNet-101 (1x64d)  |  ~7.8  |  22.0        | Original ResNet-101      |
https://github.com/facebookresearch/ResNeXt,Rosna Thomas,| ResNeXt-101 (32x4d) |  ~7.8  |  21.2        | Download (338MB)      |
https://github.com/facebookresearch/ResNeXt,Rosna Thomas,| ResNeXt-101 (64x4d) |  ~15.6 |  20.4        | Download (638MB)       |
https://github.com/facebookresearch/ResNeXt,Rosna Thomas,"Besides our torch implementation, we recommend to see also the following third-party re-implementations and extensions:"
https://github.com/facebookresearch/ResNeXt,Rosna Thomas,Training code in PyTorch code
https://github.com/facebookresearch/ResNeXt,Rosna Thomas,Converting ImageNet pretrained model to PyTorch model and source. code
https://github.com/facebookresearch/ResNeXt,Rosna Thomas,Training code in MXNet and pretrained ImageNet models code
https://github.com/facebookresearch/ResNeXt,Rosna Thomas,"Caffe prototxt, pretrained ImageNet models (with ResNeXt-152), curves codecode"
https://github.com/facebookresearch/pyrobot,Rosna Thomas,"<a href=""https://www.pyrobot.org/""><img class=""doc_vid"" src=""docs/website/website/static/img/pyrobot.svg""></a>"
https://github.com/facebookresearch/pyrobot,Rosna Thomas,What can you do with PyRobot?
https://github.com/facebookresearch/pyrobot,Rosna Thomas,Getting Started
https://github.com/facebookresearch/pyrobot,Rosna Thomas,The Team
https://github.com/facebookresearch/pyrobot,Rosna Thomas,Future features
https://github.com/facebookresearch/pyrobot,Rosna Thomas,"<p align=""center"">"
https://github.com/facebookresearch/pyrobot,Rosna Thomas,"    <img src=""https://thumbs.gfycat.com/FickleSpeedyChimneyswift-size_restricted.gif"", height=""180"">"
https://github.com/facebookresearch/pyrobot,Rosna Thomas,"    <img src=""https://thumbs.gfycat.com/FinishedWeirdCockerspaniel-size_restricted.gif"", height=""180"">"
https://github.com/facebookresearch/pyrobot,Rosna Thomas,"    <img src=""https://thumbs.gfycat.com/WeightyLeadingGrub-size_restricted.gif"", height=""180"">"
https://github.com/facebookresearch/pyrobot,Rosna Thomas,</p>
https://github.com/facebookresearch/pyrobot,Rosna Thomas,"Warning: As realsense keeps updating, compatibility issues might occur if you accidentally update "
https://github.com/facebookresearch/pyrobot,Rosna Thomas,"realsense-related packages from Software Updater in ubuntu. Therefore, we recommend you not to update"
https://github.com/facebookresearch/pyrobot,Rosna Thomas,any libraries related to realsense. Check the list of updates carefully when ubuntu prompts software udpates.
https://github.com/facebookresearch/pyrobot,Rosna Thomas,Please refer to pyrobot.org and locobot.org
https://github.com/facebookresearch/pyrobot,Rosna Thomas,"Adithya Murali, Tao Chen, Dhiraj Gandhi, Kalyan Vasudev, Lerrel Pinto, Saurabh Gupta and Abhinav Gupta. We would also like to thank everyone who has helped PyRobot in any way."
https://github.com/facebookresearch/pyrobot,Rosna Thomas,"We are planning several features, namely:"
https://github.com/facebookresearch/pyrobot,Rosna Thomas,* Interfacing with other simulators like AI Habitat
https://github.com/facebookresearch/pyrobot,Rosna Thomas,* Gravity compensation
https://github.com/facebookresearch/pyrobot,Rosna Thomas,* PyRobot interface for UR5
https://github.com/facebookresearch/pyrobot,Rosna Thomas,"@article{pyrobot2019,"
https://github.com/facebookresearch/pyrobot,Rosna Thomas,"  title={PyRobot: An Open-source Robotics Framework for Research and Benchmarking},"
https://github.com/facebookresearch/pyrobot,Rosna Thomas,"  author={Adithyavairavan Murali and Tao Chen and Kalyan Vasudev Alwala and Dhiraj Gandhi and Lerrel Pinto and Saurabh Gupta and Abhinav Gupta},"
https://github.com/facebookresearch/pyrobot,Rosna Thomas,"  journal={arXiv preprint arXiv:1906.08236},"
https://github.com/facebookresearch/pyrobot,Rosna Thomas,  year={2019}
https://github.com/facebookresearch/pyrobot,Rosna Thomas,}
https://github.com/facebookresearch/pyrobot,Rosna Thomas,"PyRobot is under MIT license, as found in the LICENSE file."
https://github.com/gitbucket/gitbucket,Rosna Thomas,GitBucket    
https://github.com/gitbucket/gitbucket,Rosna Thomas,Easy installation
https://github.com/gitbucket/gitbucket,Rosna Thomas,Intuitive UI
https://github.com/gitbucket/gitbucket,Rosna Thomas,High extensibility by plugins
https://github.com/gitbucket/gitbucket,Rosna Thomas,API compatibility with GitHub
https://github.com/gitbucket/gitbucket,Rosna Thomas,Features
https://github.com/gitbucket/gitbucket,Rosna Thomas,The current version of GitBucket provides many features such as:
https://github.com/gitbucket/gitbucket,Rosna Thomas,Public / Private Git repositories (with http/https and ssh access)
https://github.com/gitbucket/gitbucket,Rosna Thomas,GitLFS support
https://github.com/gitbucket/gitbucket,Rosna Thomas,Repository viewer including an online file editor
https://github.com/gitbucket/gitbucket,Rosna Thomas,"Issues, Pull Requests and Wiki for repositories"
https://github.com/gitbucket/gitbucket,Rosna Thomas,Activity timeline and email notifications
https://github.com/gitbucket/gitbucket,Rosna Thomas,Account and group management with LDAP integration
https://github.com/gitbucket/gitbucket,Rosna Thomas,a Plug-in system
https://github.com/gitbucket/gitbucket,Rosna Thomas,"If you want to try the development version of GitBucket, see the Developer's Guide."
https://github.com/gitbucket/gitbucket,Rosna Thomas,Support
https://github.com/gitbucket/gitbucket,Rosna Thomas,"If you have any questions about GitBucket, see Wiki and check issues whether there is a same question or request in the past."
https://github.com/gitbucket/gitbucket,Rosna Thomas,"If you can't find same question and report, send it to gitter room before raising an issue."
https://github.com/gitbucket/gitbucket,Rosna Thomas,"The highest priority of GitBucket is the ease of installation and API compatibility with GitHub, so your feature request might be rejected if they go against those principles."
https://github.com/gitbucket/gitbucket,Rosna Thomas,What's New in 4.31.x
https://github.com/gitbucket/gitbucket,Rosna Thomas,4.31.2 - 7 Apr 2019
https://github.com/gitbucket/gitbucket,Rosna Thomas,Bug and security fix
https://github.com/gitbucket/gitbucket,Rosna Thomas,4.31.1 - 17 Mar 2019
https://github.com/gitbucket/gitbucket,Rosna Thomas,Bug fix
https://github.com/gitbucket/gitbucket,Rosna Thomas,4.31.0 - 17 Mar 2019
https://github.com/gitbucket/gitbucket,Rosna Thomas,Docker support in CI plugin
https://github.com/gitbucket/gitbucket,Rosna Thomas,Verify GPG key signed commit
https://github.com/gitbucket/gitbucket,Rosna Thomas,OAuth2 Token (sent as a parameter) authentication support and new APIs in Web API
https://github.com/gitbucket/gitbucket,Rosna Thomas,OGP (Open Graph protocol) support
https://github.com/gitbucket/gitbucket,Rosna Thomas,Username completion with avatars
https://github.com/gitbucket/gitbucket,Rosna Thomas,See the change log for all of the updates.
https://github.com/harismuneer/Ultimate-Facebook-Scraper,Rosna Thomas,uploaded photos
https://github.com/harismuneer/Ultimate-Facebook-Scraper,Rosna Thomas,tagged photos
https://github.com/harismuneer/Ultimate-Facebook-Scraper,Rosna Thomas,videos
https://github.com/harismuneer/Ultimate-Facebook-Scraper,Rosna Thomas,"friends list and their profile photos (including Followers, Following, Work Friends, College Friends etc)"
https://github.com/harismuneer/Ultimate-Facebook-Scraper,Rosna Thomas,and all public posts/statuses available on the user's timeline.
https://github.com/harismuneer/Ultimate-Facebook-Scraper,Rosna Thomas,This tool is being used by thousands of developers weekly and we are pretty amazed at this response! Thankyou guys!üéâ
https://github.com/harismuneer/Ultimate-Facebook-Scraper,Rosna Thomas,"For details regarding citing/referencing this tool for your research, check the 'Citation' section below."
https://github.com/harismuneer/Ultimate-Facebook-Scraper,Rosna Thomas,Note
https://github.com/harismuneer/Ultimate-Facebook-Scraper,Rosna Thomas,"At its core, this tool uses xpaths of 'divs' to extract data from them. Since Facebook keeps on updating its site frequently and the 'divs' get changed. Consequently, we have to update the divs accordingly to correctly scrape the data. "
https://github.com/harismuneer/Ultimate-Facebook-Scraper,Rosna Thomas,"The developers of this tool have devoted a lot of time and effort in developing and most importantly maintaining this tool for quite a lot time now. In order to keep this amazing tool alive, we need support from you geeks."
https://github.com/harismuneer/Ultimate-Facebook-Scraper,Rosna Thomas,"The code is pretty intuitive and easy to understand, so you can update the relevant xpaths in the code when you feel that you have tried many profiles and the data isn't being scraped for any of them (that's a hint that Facebook has updated their site) and generate a pull request. That's quite an easy thing to do. Thanks!"
https://github.com/harismuneer/Ultimate-Facebook-Scraper,Rosna Thomas,Sample
https://github.com/harismuneer/Ultimate-Facebook-Scraper,Rosna Thomas,Usage
https://github.com/harismuneer/Ultimate-Facebook-Scraper,Rosna Thomas,Important Message
https://github.com/harismuneer/Ultimate-Facebook-Scraper,Rosna Thomas,"This tool is for research purposes only. Hence, the developers of this tool won't be responsible for any misuse of data collected using this tool. "
https://github.com/harismuneer/Ultimate-Facebook-Scraper,Rosna Thomas,Authors
https://github.com/harismuneer/Ultimate-Facebook-Scraper,Rosna Thomas,You can get in touch with us on our LinkedIn Profiles:
https://github.com/harismuneer/Ultimate-Facebook-Scraper,Rosna Thomas,Haris Muneer
https://github.com/harismuneer/Ultimate-Facebook-Scraper,Rosna Thomas,You can also follow my GitHub Profile to stay updated about my latest projects: 
https://github.com/harismuneer/Ultimate-Facebook-Scraper,Rosna Thomas,Hassaan Elahi
https://github.com/harismuneer/Ultimate-Facebook-Scraper,Rosna Thomas,You can also follow my GitHub Profile to stay updated about my latest projects:
https://github.com/harismuneer/Ultimate-Facebook-Scraper,Rosna Thomas,If you liked the repo then kindly support it by giving it a star ‚≠ê!
https://github.com/harismuneer/Ultimate-Facebook-Scraper,Rosna Thomas,Contributions Welcome
https://github.com/harismuneer/Ultimate-Facebook-Scraper,Rosna Thomas,If you find any bug in the code or have any improvements in mind then feel free to generate a pull request.
https://github.com/harismuneer/Ultimate-Facebook-Scraper,Rosna Thomas,Issues
https://github.com/harismuneer/Ultimate-Facebook-Scraper,Rosna Thomas,"If you face any issue, you can create a new issue in the Issues Tab and I will be glad to help you out."
https://github.com/harismuneer/Ultimate-Facebook-Scraper,Rosna Thomas,"Copyright (c) 2018-present, harismuneer, Hassaan-Elahi"
https://github.com/microsoft/malmo,Rosna Thomas,Code of Conduct
https://github.com/microsoft/malmo,Rosna Thomas,This project has adopted the Microsoft Open Source Code of Conduct. For more information see the Code of Conduct FAQ or contact opencode@microsoft.com with any additional questions or comments.
https://github.com/nextflow-io/nextflow,Rosna Thomas,"""Dataflow variables are spectacularly expressive in concurrent programming"""
https://github.com/nextflow-io/nextflow,Rosna Thomas,"<br>Henri E. Bal , Jennifer G. Steiner , Andrew S. Tanenbaum"
https://github.com/nextflow-io/nextflow,Rosna Thomas,Quick overview
https://github.com/nextflow-io/nextflow,Rosna Thomas,Contents
https://github.com/nextflow-io/nextflow,Rosna Thomas,Rationale
https://github.com/nextflow-io/nextflow,Rosna Thomas,Quick start
https://github.com/nextflow-io/nextflow,Rosna Thomas,Tool Management
https://github.com/nextflow-io/nextflow,Rosna Thomas,Conda environments
https://github.com/nextflow-io/nextflow,Rosna Thomas,Docker and Singularity
https://github.com/nextflow-io/nextflow,Rosna Thomas,Environment Modules
https://github.com/nextflow-io/nextflow,Rosna Thomas,HPC Schedulers
https://github.com/nextflow-io/nextflow,Rosna Thomas,SGE
https://github.com/nextflow-io/nextflow,Rosna Thomas,Univa Grid Engine
https://github.com/nextflow-io/nextflow,Rosna Thomas,LSF
https://github.com/nextflow-io/nextflow,Rosna Thomas,SLURM
https://github.com/nextflow-io/nextflow,Rosna Thomas,PBS/Torque
https://github.com/nextflow-io/nextflow,Rosna Thomas,HTCondor (experimental)
https://github.com/nextflow-io/nextflow,Rosna Thomas,Cloud Support
https://github.com/nextflow-io/nextflow,Rosna Thomas,AWS Batch
https://github.com/nextflow-io/nextflow,Rosna Thomas,AWS EC2
https://github.com/nextflow-io/nextflow,Rosna Thomas,Google Cloud
https://github.com/nextflow-io/nextflow,Rosna Thomas,Google Genomics Pipelines
https://github.com/nextflow-io/nextflow,Rosna Thomas,Kubernetes
https://github.com/nextflow-io/nextflow,Rosna Thomas,Community
https://github.com/nextflow-io/nextflow,Rosna Thomas,Build from source
https://github.com/nextflow-io/nextflow,Rosna Thomas,Citations
https://github.com/nextflow-io/nextflow,Rosna Thomas,Credits
https://github.com/nextflow-io/nextflow,Rosna Thomas,"With the rise of big data, techniques to analyse and run experiments on large datasets are increasingly necessary."
https://github.com/nextflow-io/nextflow,Rosna Thomas,"Parallelization and distributed computing are the best ways to tackle this problem, but the tools commonly available to the bioinformatics community often lack good support for these techniques, or provide a model that fits badly with the specific requirements in the bioinformatics domain and, most of the time, require the knowledge of complex tools or low-level APIs."
https://github.com/nextflow-io/nextflow,Rosna Thomas,Nextflow documentation is available at this link http://docs.nextflow.io
https://github.com/nextflow-io/nextflow,Rosna Thomas,"Nextflow supports common HPC schedulers, abstracting the submission of jobs from the user. "
https://github.com/nextflow-io/nextflow,Rosna Thomas,Currently the following clusters are supported:
https://github.com/nextflow-io/nextflow,Rosna Thomas,"For example to submit the execution to a SGE cluster create a file named nextflow.config, in the directory"
https://github.com/nextflow-io/nextflow,Rosna Thomas,"where the pipeline is going to be launched, with the following content:"
https://github.com/nextflow-io/nextflow,Rosna Thomas,nextflow
https://github.com/nextflow-io/nextflow,Rosna Thomas,process {
https://github.com/nextflow-io/nextflow,Rosna Thomas,  executor='sge'
https://github.com/nextflow-io/nextflow,Rosna Thomas,  queue='&lt;your execution queue&gt;'
https://github.com/nextflow-io/nextflow,Rosna Thomas,"In doing that, processes will be executed by Nextflow as SGE jobs using the qsub command. Your "
https://github.com/nextflow-io/nextflow,Rosna Thomas,"pipeline will behave like any other SGE job script, with the benefit that Nextflow will "
https://github.com/nextflow-io/nextflow,Rosna Thomas,"automatically and transparently manage the processes synchronisation, file(s) staging/un-staging, etc.  "
https://github.com/nextflow-io/nextflow,Rosna Thomas,Cloud support
https://github.com/nextflow-io/nextflow,Rosna Thomas,Currently supported cloud platforms:
https://github.com/nextflow-io/nextflow,Rosna Thomas,  + AWS Batch
https://github.com/nextflow-io/nextflow,Rosna Thomas,  + AWS EC2
https://github.com/nextflow-io/nextflow,Rosna Thomas,  + Google GCE
https://github.com/nextflow-io/nextflow,Rosna Thomas,  + Google Genomics Pipelines
https://github.com/nextflow-io/nextflow,Rosna Thomas,  + Kubernetes
https://github.com/nextflow-io/nextflow,Rosna Thomas,Tool management
https://github.com/nextflow-io/nextflow,Rosna Thomas,Containers
https://github.com/nextflow-io/nextflow,Rosna Thomas,"Nextflow has first class support for containerization. It supports both Docker and Singularity container engines. Additionally, Nextflow can easily switch between container engines enabling workflow portability. "
https://github.com/nextflow-io/nextflow,Rosna Thomas,```nextflow
https://github.com/nextflow-io/nextflow,Rosna Thomas,process samtools {
https://github.com/nextflow-io/nextflow,Rosna Thomas,  container 'biocontainers/samtools:1.3.1'
https://github.com/nextflow-io/nextflow,Rosna Thomas,""""""""
https://github.com/nextflow-io/nextflow,Rosna Thomas,  samtools --version 
https://github.com/nextflow-io/nextflow,Rosna Thomas,"  """""""
https://github.com/nextflow-io/nextflow,Rosna Thomas,```
https://github.com/nextflow-io/nextflow,Rosna Thomas,Conda environments provide another option for managing software packages in your workflow. 
https://github.com/nextflow-io/nextflow,Rosna Thomas,Environment modules commonly found in HPC environments can also be used to manage the tools used in a Nextflow workflow. 
https://github.com/nextflow-io/nextflow,Rosna Thomas,"You can post questions, or report problems by using the Nextflow discussion forum"
https://github.com/nextflow-io/nextflow,Rosna Thomas,or the Nextflow channel on Gitter.
https://github.com/nextflow-io/nextflow,Rosna Thomas,Nextflow also hosts a yearly workshop showcasing researcher's workflows and advancements in the langauge. Talks from the past workshops are available on the Nextflow YouTube Channel
https://github.com/nextflow-io/nextflow,Rosna Thomas,The nf-core project is a community effort aggregating high quality Nextflow workflows which can be used by the community. 
https://github.com/nextflow-io/nextflow,Rosna Thomas,Required dependencies
https://github.com/nextflow-io/nextflow,Rosna Thomas,Compiler Java 8
https://github.com/nextflow-io/nextflow,Rosna Thomas,Runtime Java 8 or later
https://github.com/nextflow-io/nextflow,Rosna Thomas,"Nextflow is written in Groovy (a scripting language for the JVM). A pre-compiled,"
https://github.com/nextflow-io/nextflow,Rosna Thomas,"ready-to-run, package is available at the Github releases page,"
https://github.com/nextflow-io/nextflow,Rosna Thomas,thus it is not necessary to compile it in order to use it.
https://github.com/nextflow-io/nextflow,Rosna Thomas,"If you are interested in modifying the source code, or contributing to the project, it worth knowing that"
https://github.com/nextflow-io/nextflow,Rosna Thomas,the build process is based on the Gradle build automation system.
https://github.com/nextflow-io/nextflow,Rosna Thomas,You can compile Nextflow by typing the following command in the project home directory on your computer:
https://github.com/nextflow-io/nextflow,Rosna Thomas,Clone the Nextflow repository to a directory in your computer.
https://github.com/nextflow-io/nextflow,Rosna Thomas,"Open IntelliJ IDEA and choose ""Import project"" in the ""File"" menu bar."
https://github.com/nextflow-io/nextflow,Rosna Thomas,"Select the Nextflow project root directory in your computer and click ""OK""."
https://github.com/nextflow-io/nextflow,Rosna Thomas,"Then, choose the ""Gradle"" item in the ""external module"" list and click on ""Next"" button."
https://github.com/nextflow-io/nextflow,Rosna Thomas,"Confirm the default import options and click on ""Finish"" to finalize the project configuration."
https://github.com/nextflow-io/nextflow,Rosna Thomas,"When the import process complete, select the ""Project structure"" command in the ""File"" menu bar."
https://github.com/nextflow-io/nextflow,Rosna Thomas,"In the showed dialog click on the ""Project"" item in the list of the left, and make sure that"
https://github.com/nextflow-io/nextflow,Rosna Thomas,"   the ""Project SDK"" choice on the right contains Java 8."
https://github.com/nextflow-io/nextflow,Rosna Thomas,Set the code formatting options with setting provided here.
https://github.com/nextflow-io/nextflow,Rosna Thomas,Project contribution are more than welcome. See the CONTRIBUTING file for details.
https://github.com/nextflow-io/nextflow,Rosna Thomas,Build servers
https://github.com/nextflow-io/nextflow,Rosna Thomas,Travis-CI
https://github.com/nextflow-io/nextflow,Rosna Thomas,Groovy Joint build
https://github.com/nextflow-io/nextflow,Rosna Thomas,The Nextflow framework is released under the Apache 2.0 license.
https://github.com/nextflow-io/nextflow,Rosna Thomas,and <a href='http://www.gpars.org/' target='_blank'>Gpars</a>.
https://github.com/nextflow-io/nextflow,Rosna Thomas,YourKit is kindly supporting this open source project with its full-featured Java Profiler.
https://github.com/nextflow-io/nextflow,Rosna Thomas,Read more http://www.yourkit.com
https://github.com/pyro-ppl/pyro,Rosna Thomas,Getting Started |
https://github.com/pyro-ppl/pyro,Rosna Thomas,Documentation |
https://github.com/pyro-ppl/pyro,Rosna Thomas,Community |
https://github.com/pyro-ppl/pyro,Rosna Thomas,"For more information, check out our blog post."
https://github.com/reduxjs/react-redux,Rosna Thomas,React Redux
https://github.com/reduxjs/react-redux,Rosna Thomas,The React Redux docs are now published at https://react-redux.js.org .
https://github.com/reduxjs/react-redux,Rosna Thomas,We're currently expanding and rewriting our docs content - check back soon for more updates!
https://github.com/reduxjs/react-redux,Rosna Thomas,How Does It Work?
https://github.com/reduxjs/react-redux,Rosna Thomas,We do a deep dive on how React Redux works in this readthesource episode.  
https://github.com/reduxjs/react-redux,Rosna Thomas,"Also, the post The History and Implementation of React-Redux "
https://github.com/reduxjs/react-redux,Rosna Thomas,"explains what it does, how it works, and how the API and implementation have evolved over time."
https://github.com/reduxjs/react-redux,Rosna Thomas,Enjoy!
https://github.com/reduxjs/react-redux,Rosna Thomas,MIT
https://github.com/scikit-image/scikit-image,Rosna Thomas,Website (including documentation): https://scikit-image.org/
https://github.com/scikit-image/scikit-image,Rosna Thomas,Mailing list: https://mail.python.org/mailman/listinfo/scikit-image
https://github.com/scikit-image/scikit-image,Rosna Thomas,Source: https://github.com/scikit-image/scikit-image
https://github.com/scikit-image/scikit-image,Rosna Thomas,Benchmarks: https://pandas.pydata.org/speed/scikit-image/
https://github.com/scikit-image/scikit-image,Rosna Thomas,License (Modified BSD)
https://github.com/scikit-image/scikit-image,Rosna Thomas,"Copyright (C) 2011, the scikit-image team"
https://github.com/scikit-image/scikit-image,Rosna Thomas,All rights reserved.
https://github.com/scikit-image/scikit-image,Rosna Thomas,"Redistribution and use in source and binary forms, with or without"
https://github.com/scikit-image/scikit-image,Rosna Thomas,"modification, are permitted provided that the following conditions are"
https://github.com/scikit-image/scikit-image,Rosna Thomas,met:
https://github.com/scikit-image/scikit-image,Rosna Thomas,Redistributions of source code must retain the above copyright
https://github.com/scikit-image/scikit-image,Rosna Thomas,"    notice, this list of conditions and the following disclaimer."
https://github.com/scikit-image/scikit-image,Rosna Thomas,Redistributions in binary form must reproduce the above copyright
https://github.com/scikit-image/scikit-image,Rosna Thomas,"    notice, this list of conditions and the following disclaimer in"
https://github.com/scikit-image/scikit-image,Rosna Thomas,    the documentation and/or other materials provided with the
https://github.com/scikit-image/scikit-image,Rosna Thomas,    distribution.
https://github.com/scikit-image/scikit-image,Rosna Thomas,Neither the name of skimage nor the names of its contributors may be
https://github.com/scikit-image/scikit-image,Rosna Thomas,    used to endorse or promote products derived from this software without
https://github.com/scikit-image/scikit-image,Rosna Thomas,    specific prior written permission.
https://github.com/scikit-image/scikit-image,Rosna Thomas,THIS SOFTWARE IS PROVIDED BY THE AUTHOR ``AS IS'' AND ANY EXPRESS OR
https://github.com/scikit-image/scikit-image,Rosna Thomas,"IMPLIED WARRANTIES, INCLUDING, BUT NOT LIMITED TO, THE IMPLIED"
https://github.com/scikit-image/scikit-image,Rosna Thomas,WARRANTIES OF MERCHANTABILITY AND FITNESS FOR A PARTICULAR PURPOSE ARE
https://github.com/scikit-image/scikit-image,Rosna Thomas,"DISCLAIMED. IN NO EVENT SHALL THE AUTHOR BE LIABLE FOR ANY DIRECT,"
https://github.com/scikit-image/scikit-image,Rosna Thomas,"INDIRECT, INCIDENTAL, SPECIAL, EXEMPLARY, OR CONSEQUENTIAL DAMAGES"
https://github.com/scikit-image/scikit-image,Rosna Thomas,"(INCLUDING, BUT NOT LIMITED TO, PROCUREMENT OF SUBSTITUTE GOODS OR"
https://github.com/scikit-image/scikit-image,Rosna Thomas,"SERVICES; LOSS OF USE, DATA, OR PROFITS; OR BUSINESS INTERRUPTION)"
https://github.com/scikit-image/scikit-image,Rosna Thomas,"HOWEVER CAUSED AND ON ANY THEORY OF LIABILITY, WHETHER IN CONTRACT,"
https://github.com/scikit-image/scikit-image,Rosna Thomas,"STRICT LIABILITY, OR TORT (INCLUDING NEGLIGENCE OR OTHERWISE) ARISING"
https://github.com/scikit-image/scikit-image,Rosna Thomas,"IN ANY WAY OUT OF THE USE OF THIS SOFTWARE, EVEN IF ADVISED OF THE"
https://github.com/scikit-image/scikit-image,Rosna Thomas,POSSIBILITY OF SUCH DAMAGE.
https://github.com/scikit-learn/scikit-learn,Rosna Thomas,scikit-learn
https://github.com/scikit-learn/scikit-learn,Rosna Thomas,Development
https://github.com/scikit-learn/scikit-learn,Rosna Thomas,We welcome new contributors of all experience levels. The scikit-learn
https://github.com/scikit-learn/scikit-learn,Rosna Thomas,"community goals are to be helpful, welcoming, and effective. The"
https://github.com/scikit-learn/scikit-learn,Rosna Thomas,Development Guide &lt;http://scikit-learn.org/stable/developers/index.html&gt;_
https://github.com/scikit-learn/scikit-learn,Rosna Thomas,"has detailed information about contributing code, documentation, tests, and"
https://github.com/scikit-learn/scikit-learn,Rosna Thomas,more. We've included some basic information in this README.
https://github.com/scikit-learn/scikit-learn,Rosna Thomas,Important links
https://github.com/scikit-learn/scikit-learn,Rosna Thomas,Official source code repo: https://github.com/scikit-learn/scikit-learn
https://github.com/scikit-learn/scikit-learn,Rosna Thomas,Download releases: https://pypi.org/project/scikit-learn/
https://github.com/scikit-learn/scikit-learn,Rosna Thomas,Issue tracker: https://github.com/scikit-learn/scikit-learn/issues
https://github.com/scikit-learn/scikit-learn,Rosna Thomas,Source code
https://github.com/scikit-learn/scikit-learn,Rosna Thomas,You can check the latest sources with the command::
https://github.com/scikit-learn/scikit-learn,Rosna Thomas,git clone https://github.com/scikit-learn/scikit-learn.git
https://github.com/scikit-learn/scikit-learn,Rosna Thomas,"To learn more about making a contribution to scikit-learn, please see our"
https://github.com/scikit-learn/scikit-learn,Rosna Thomas,Contributing guide
https://github.com/scikit-learn/scikit-learn,Rosna Thomas,&lt;https://scikit-learn.org/dev/developers/contributing.html&gt;_.
https://github.com/scikit-learn/scikit-learn,Rosna Thomas,See the web page http://scikit-learn.org/dev/developers/advanced_installation.html#testing
https://github.com/scikit-learn/scikit-learn,Rosna Thomas,for more information.
https://github.com/scikit-learn/scikit-learn,Rosna Thomas,Random number generation can be controlled during testing by setting
https://github.com/scikit-learn/scikit-learn,Rosna Thomas,the ``SKLEARN_SEED`` environment variable.
https://github.com/scikit-learn/scikit-learn,Rosna Thomas,Submitting a Pull Request
https://github.com/scikit-learn/scikit-learn,Rosna Thomas,"Before opening a Pull Request, have a look at the"
https://github.com/scikit-learn/scikit-learn,Rosna Thomas,full Contributing page to make sure your code complies
https://github.com/scikit-learn/scikit-learn,Rosna Thomas,with our guidelines: http://scikit-learn.org/stable/developers/index.html
https://github.com/scikit-learn/scikit-learn,Rosna Thomas,Project History
https://github.com/scikit-learn/scikit-learn,Rosna Thomas,The project was started in 2007 by David Cournapeau as a Google Summer
https://github.com/scikit-learn/scikit-learn,Rosna Thomas,"of Code project, and since then many volunteers have contributed. See"
https://github.com/scikit-learn/scikit-learn,Rosna Thomas,the  About us &lt;http://scikit-learn.org/dev/about.html#authors&gt;_ page
https://github.com/scikit-learn/scikit-learn,Rosna Thomas,for a list of core contributors.
https://github.com/scikit-learn/scikit-learn,Rosna Thomas,The project is currently maintained by a team of volunteers.
https://github.com/scikit-learn/scikit-learn,Rosna Thomas,Note: scikit-learn was previously referred to as scikits.learn.
https://github.com/scikit-learn/scikit-learn,Rosna Thomas,Help and Support
https://github.com/scikit-learn/scikit-learn,Rosna Thomas,HTML documentation (stable release): http://scikit-learn.org
https://github.com/scikit-learn/scikit-learn,Rosna Thomas,HTML documentation (development version): http://scikit-learn.org/dev/
https://github.com/scikit-learn/scikit-learn,Rosna Thomas,FAQ: http://scikit-learn.org/stable/faq.html
https://github.com/scikit-learn/scikit-learn,Rosna Thomas,Communication
https://github.com/scikit-learn/scikit-learn,Rosna Thomas,Mailing list: https://mail.python.org/mailman/listinfo/scikit-learn
https://github.com/scikit-learn/scikit-learn,Rosna Thomas,IRC channel: #scikit-learn at webchat.freenode.net
https://github.com/scikit-learn/scikit-learn,Rosna Thomas,Stack Overflow: https://stackoverflow.com/questions/tagged/scikit-learn
https://github.com/scikit-learn/scikit-learn,Rosna Thomas,Website: http://scikit-learn.org
https://github.com/sequelize/sequelize,Rosna Thomas,Sequelize
https://github.com/sequelize/sequelize,Rosna Thomas,New to Sequelize? Take a look at the Tutorials and Guides. You might also be interested in the API Reference.
https://github.com/sequelize/sequelize,Rosna Thomas,v5 Release
https://github.com/sequelize/sequelize,Rosna Thomas,You can find the upgrade guide and changelog here.
https://github.com/sequelize/sequelize,Rosna Thomas,Responsible disclosure
https://github.com/sequelize/sequelize,Rosna Thomas,Resources
https://github.com/sequelize/sequelize,Rosna Thomas,v5 Documentation
https://github.com/sequelize/sequelize,Rosna Thomas,v4 Documentation
https://github.com/sequelize/sequelize,Rosna Thomas,v3 Documentation
https://github.com/sequelize/sequelize,Rosna Thomas,"If you have any security issue to report, contact project maintainers privately. You can find contact information in CONTACT.md."
https://github.com/sequelize/sequelize,Rosna Thomas,Changelog
https://github.com/sequelize/sequelize,Rosna Thomas,Slack
https://github.com/sequelize/sequelize,Rosna Thomas,Stack Overflow
https://github.com/sequelize/sequelize,Rosna Thomas,Tools
https://github.com/sequelize/sequelize,Rosna Thomas,Sequelize & TypeScript
https://github.com/sequelize/sequelize,Rosna Thomas,Enhanced TypeScript with decorators
https://github.com/sequelize/sequelize,Rosna Thomas,Sequelize & GraphQL
https://github.com/sequelize/sequelize,Rosna Thomas,Add-ons & Plugins
https://github.com/sequelize/sequelize,Rosna Thomas,Sequelize CLI
https://github.com/sequelize/sequelize,Rosna Thomas,Learning
https://github.com/sequelize/sequelize,Rosna Thomas,Express Example
https://github.com/sequelize/sequelize,Rosna Thomas,Translations
https://github.com/sequelize/sequelize,Rosna Thomas,English v5 (OFFICIAL)
https://github.com/tensorflow/magenta,Rosna Thomas,Using Magenta
https://github.com/tensorflow/magenta,Rosna Thomas,Playing a MIDI Instrument
https://github.com/tensorflow/magenta,Rosna Thomas,Development Environment (Advanced)
https://github.com/tensorflow/magenta,Rosna Thomas,"If you want to develop on Magenta, you'll need to set up the full Development Environment."
https://github.com/tensorflow/magenta,Rosna Thomas,"First, clone this repository:"
https://github.com/tensorflow/magenta,Rosna Thomas,bash
https://github.com/tensorflow/magenta,Rosna Thomas,git clone https://github.com/tensorflow/magenta.git
https://github.com/tensorflow/magenta,Rosna Thomas,"Next, install the dependencies by changing to the base directory and executing the setup command:"
https://github.com/tensorflow/magenta,Rosna Thomas,pip install -e .
https://github.com/tensorflow/magenta,Rosna Thomas,"You can now edit the files and run scripts by calling Python as usual. For example, this is how you would run the melody_rnn_generate script from the base directory:"
https://github.com/tensorflow/magenta,Rosna Thomas,python magenta/models/melody_rnn/melody_rnn_generate --config=...
https://github.com/tensorflow/magenta,Rosna Thomas,You can also install the (potentially modified) package with:
https://github.com/tensorflow/magenta,Rosna Thomas,pip install .
https://github.com/tensorflow/magenta,Rosna Thomas,"Before creating a pull request, please also test your changes with:"
https://github.com/tensorflow/magenta,Rosna Thomas,pip install pytest-pylint
https://github.com/tensorflow/magenta,Rosna Thomas,pytest
https://github.com/tensorflow/magenta,Rosna Thomas,PIP Release
https://github.com/tensorflow/magenta,Rosna Thomas,"To build a new version for pip, bump the version and then run:"
https://github.com/tensorflow/magenta,Rosna Thomas,python setup.py test
https://github.com/tensorflow/magenta,Rosna Thomas,python setup.py bdist_wheel --universal
https://github.com/tensorflow/magenta,Rosna Thomas,python setup.py bdist_wheel --universal --gpu
https://github.com/tensorflow/magenta,Rosna Thomas,twine upload dist/magenta-N.N.N-py2.py3-none-any.whl
https://github.com/tensorflow/magenta,Rosna Thomas,twine upload dist/magenta_gpu-N.N.N-py2.py3-none-any.whl